Sample,Treatment,Strain,Genotype,Filter,Combined
X1726FL.06.01.33_S33_L002_COMB_MONO,Monoculture,neH2,WT,NoFilt,Monoculture.neH2.NoFilt
X1726FL.06.01.32_S32_L002_COMB_MONO,Monoculture,neH2,WT,NoFilt,Monoculture.neH2.NoFilt
X1726FL.06.01.31_S31_L002_COMB_MONO,Monoculture,neH2,WT,NoFilt,Monoculture.neH2.NoFilt
X1726FL.06.01.27_S27_L002_COMB_Filter,Coculture,neH4,MUT,Filter,Coculture.neH4.Filter
X1726FL.06.01.26_S26_L002_COMB_Filter,Coculture,neH4,MUT,Filter,Coculture.neH4.Filter
X1726FL.06.01.25_S25_L002_COMB_Filter,Coculture,neH4,MUT,Filter,Coculture.neH4.Filter
X1726FL.06.01.24_S24_L002_COMB_Filter,Coculture,neH3,MUT,Filter,Coculture.neH3.Filter
X1726FL.06.01.23_S23_L002_COMB_Filter,Coculture,neH3,MUT,Filter,Coculture.neH3.Filter
X1726FL.06.01.22_S22_L002_COMB_Filter,Coculture,neH3,MUT,Filter,Coculture.neH3.Filter
X1726FL.06.01.21_S21_L002_COMB_Filter,Coculture,neH2,WT,Filter,Coculture.neH2.Filter
X1726FL.06.01.09_S9_L002_COMB_Tissue3,Coculture,neH3,MUT,NoFilt,Coculture.neH3.NoFilt
X1726FL.06.01.08_S8_L002_COMB_Tissue3,Coculture,neH3,MUT,NoFilt,Coculture.neH3.NoFilt
X1726FL.06.01.07_S7_L002_COMB_Tissue4,Coculture,neH4,MUT,NoFilt,Coculture.neH4.NoFilt
X1726FL.06.01.06_S6_L002_COMB_Tissue4,Coculture,neH4,MUT,NoFilt,Coculture.neH4.NoFilt
X1726FL.06.01.05_S5_L002_COMB_Tissue4,Coculture,neH4,MUT,NoFilt,Coculture.neH4.NoFilt
X1726FL.06.01.04_S4_L002_COMB_Tissue3,Coculture,neH3,MUT,NoFilt,Coculture.neH3.NoFilt
X1726FL.06.01.03_S3_L002_COMB_Tissue2,Coculture,neH2,WT,NoFilt,Coculture.neH2.NoFilt
X1726FL.06.01.02_S2_L002_COMB_Tissue2,Coculture,neH2,WT,NoFilt,Coculture.neH2.NoFilt
X1726FL.06.01.01_S1_L002_COMB_Tissue2,Coculture,neH2,WT,NoFilt,Coculture.neH2.NoFilt
